,A,B,C,D
2019-01-01,0.03382503655608254,-0.14159370265235596,-0.3057489129835693,-0.5457762059283914
2019-01-02,0.4005335575478845,1.316719724000782,-0.6381421912913817,-1.810816345371736
2019-01-03,1.1312979223819417,1.5315485085806066,-0.17801157962358538,-3.536400651789121
2019-01-04,0.9218318120519376,2.451254649812942,0.8265390239880591,-3.301010173523143
2019-01-05,-0.7549004789984618,4.919776088422081,-0.0266168432313717,-3.4347433076273854
2019-01-06,-0.44045328511018034,6.079865146437092,1.0410239676333366,-2.1870713724529978
2019-01-07,0.7413851429303933,7.03894124190873,-0.2973370417401269,-2.1026985947307684
2019-01-08,1.0896425958300062,8.055528760084952,-1.0425533398618545,-3.128073616184328
2019-01-09,1.2136365674454845,8.872002878882043,-1.9941385638939306,-3.4024734720335363
2019-01-10,1.117341056399756,10.876182173054339,-1.655132870443826,-3.627628412007474
2019-01-11,0.7274022123677271,11.945378865555845,-3.129810328258265,-3.7472974099306176
2019-01-12,-0.6763785180298663,10.730534649888721,-3.247199365457264,-4.374862509040067
2019-01-13,0.1366221338669501,10.637455053383212,-2.974247129827851,-5.359599966427991
2019-01-14,-7.522733095963186e-05,10.509583891925823,-3.252372699664833,-5.55344411325779
2019-01-15,-0.17876655110301876,10.141315455096997,-1.7107637078273674,-6.683865438300204
2019-01-16,-0.6525601219353477,9.048959647979014,-0.2931779698556922,-5.673129134161036
2019-01-17,-0.4173386606771039,8.25993194165388,-0.11846263815393202,-4.529101711390547
2019-01-18,-1.0858567976986684,7.38549546284809,0.5046208184867761,-4.938753250148949
2019-01-19,0.25553535316128273,6.652775485261124,-0.32025881838782766,-5.6354032244838175
2019-01-20,0.09593260826806882,7.115258747015084,0.8234208929132905,-5.545081218371831
2019-01-21,-0.3579996080497387,5.128301340062829,0.9476669699695752,-4.374459965365394
2019-01-22,-0.7155347635111722,5.6622610807300875,1.202224897311728,-2.4427338474814677
2019-01-23,-0.3797295835992725,5.968732967986942,0.7178828037271869,-3.323439199969022
2019-01-24,-0.3333692292856941,6.0808078910314265,1.5195326400694467,-3.671254741087633
2019-01-25,0.4816854167865132,7.308525979147614,1.6954053691486317,-3.1370152251198884
2019-01-26,0.0070243379483097,7.689414822185935,1.782984460385914,-1.517159816451179
2019-01-27,-1.01482698646102,6.571056734063358,2.1445996937826917,-2.431981136460853
2019-01-28,-2.2797514788819937,5.784140477819078,1.0522654033907728,-3.3361605166683757
2019-01-29,-1.3099748355094105,5.365720943034942,-0.19571170040073205,-4.632088740583451
2019-01-30,-1.798661878148792,7.207971180235799,-0.41321775749942147,-4.821820101145179
2019-01-31,-2.2842142955866716,7.4496854127942225,-1.5229354386983096,-6.126311146908444
2019-02-01,-2.5169236150232526,9.353840472225377,-0.021122067048399806,-5.796202961750566
2019-02-02,-2.0592978785873055,8.714142350904398,-0.813568731115472,-4.24450100459254
2019-02-03,-2.2689282357719636,8.173306499762134,-1.1660238506816176,-4.634894969905423
2019-02-04,-2.4428407462299098,7.476808460241363,0.14228051427704935,-4.293920276890641
2019-02-05,-2.7359683993991317,6.646419473392438,0.04300498366507853,-3.742090601173466
2019-02-06,-2.2302262677451674,7.896815101865846,0.3225148612210174,-4.295782163275597
2019-02-07,-1.517954133136807,8.805093787226012,-0.4684278670056053,-5.773791447429207
2019-02-08,-1.0181474449556196,8.79407598062095,-1.4630833513278247,-6.044260387823055
2019-02-09,-2.1657455137391715,8.786699312190487,-1.5955558957244804,-6.668921761537017
2019-02-10,-1.8940353310035984,9.307108295953059,-0.8895227193464456,-5.332195133839127
2019-02-11,-1.5125004354459581,9.54100094136678,-1.4122268789394017,-6.824105722265673
2019-02-12,-2.379072119878815,8.526293067800335,-1.4304993923211577,-5.891580193505036
2019-02-13,-0.9559617851101849,9.485726304623377,-1.1624060841647066,-6.030286123895361
2019-02-14,-1.5479010070217067,9.034471684672397,0.264879557311954,-7.090732009085686
2019-02-15,-0.6252661525767708,8.322179083753587,0.9385595742386031,-5.8865593955447615
2019-02-16,-2.1031287748729612,8.483993006023756,2.587578511267398,-6.205286726862121
2019-02-17,-2.0133873403985856,7.33503454439695,3.7263034096547187,-6.598360050193969
2019-02-18,-2.472790448191055,8.154533399539684,4.081058246294419,-6.085928172791927
2019-02-19,-2.900384353147925,6.66247867127567,3.4438743960275326,-5.744508646311449
2019-02-20,-2.59111397999656,7.200154449556367,3.28142551728706,-5.920810573287549
2019-02-21,-2.5983984436217744,6.8584125216558665,2.731648582906518,-6.123705079631915
2019-02-22,-2.614041449055956,6.961631259008883,4.014593342529529,-7.278971550867228
2019-02-23,-0.8556827680043677,7.086970272806409,3.814055545267835,-6.503529227590267
2019-02-24,-2.1382143394507143,6.323657453873418,5.130665430734498,-5.744083794881308
2019-02-25,-2.6032111691433446,5.234739250272073,5.814549445039379,-6.514907702975291
2019-02-26,-2.6806761894874467,5.609713039085577,6.252598419245714,-7.418409042979687
2019-02-27,-1.8556449795856813,6.2822353474627555,6.3564560402420875,-8.258015089285498
2019-02-28,-2.6910968330554703,6.354957332543289,6.493248063023828,-7.389753626514715
2019-03-01,-1.9003053654870614,6.088002155265351,6.873951104828032,-6.9004500008011505
2019-03-02,-0.7033596463319542,5.367255158261452,6.488110379520277,-6.0164855708339955
2019-03-03,0.18166599935341365,5.4269173957210555,5.710133013052024,-6.050528444795826
2019-03-04,-0.02779725733867494,7.177697553113132,7.582291409329306,-5.552696718787112
2019-03-05,-0.8069372343291981,7.788320031142349,8.29185424004558,-6.274582046761869
2019-03-06,-1.4589198071240232,7.581343928991721,8.672061856896569,-6.252511164780197
2019-03-07,-0.8444036356083465,7.316706996820226,10.30178715531803,-5.638376094360362
2019-03-08,-0.973449126255649,5.8277322553039355,11.607293399078406,-5.67783499366102
2019-03-09,-1.4937446749088659,6.680559728710664,12.862349069689966,-6.326500253173429
2019-03-10,-1.9467698254170664,4.511451498924698,12.480091161239843,-5.619282098044295
2019-03-11,-1.5992560272335963,4.73501991132473,10.846328624716435,-6.686153438145684
2019-03-12,-2.9133662212848974,3.7376478556456263,12.033782579252419,-4.430992027513819
2019-03-13,-2.3564749235188556,3.9336926129118828,11.200569930377899,-3.8039273081128537
2019-03-14,-3.1451055513569544,5.710604410261554,10.977366192754518,-3.2088784888673416
2019-03-15,-3.7410925724216,4.229096120923041,10.618005843473416,-2.9275927928197096
2019-03-16,-5.58639948559834,6.431806425532953,10.697037876540335,-4.350022401775731
2019-03-17,-6.635084585621972,6.5000357274080995,10.507013029915239,-6.198020536407989
2019-03-18,-6.464704494786795,7.978916497304116,11.142285501768999,-7.046768650910996
2019-03-19,-7.347527388990549,8.152787940538014,12.553703324348945,-5.608762481825323
2019-03-20,-6.7632345474689615,9.518976455918953,12.574278998455851,-5.439729615598711
2019-03-21,-7.442052656122402,8.269374535689575,11.389538664897042,-5.500060187077016
2019-03-22,-7.465151490172057,7.4108587535126915,10.956257976208594,-4.192714453883929
2019-03-23,-8.915222761838116,6.841018097425469,12.218356887963438,-5.0790612826278
2019-03-24,-9.674096658345931,5.370658411322365,12.165942366942922,-4.484961901552202
2019-03-25,-9.965020574783235,6.332979578921674,14.228389947839275,-3.875497292436873
2019-03-26,-10.198587438850316,7.63444383504964,14.388089438634774,-4.107986589454522
2019-03-27,-11.227015480536918,6.65052226335279,15.00159585605121,-5.221099375739939
2019-03-28,-12.854997672295426,5.5975412882602225,14.896450076720278,-3.7677186998104646
2019-03-29,-11.485741895350088,6.482240764749541,13.812857570884258,-4.992197549820321
2019-03-30,-10.226661977515203,7.821244020701607,13.535018070639138,-5.042344666564723
2019-03-31,-10.556495724711775,8.092643171089945,13.131554061146959,-4.433412265711852
2019-04-01,-10.92585153762944,10.58451501807103,14.237950701915718,-4.442639240915515
2019-04-02,-12.147744174782813,10.873039140312777,15.766532384906114,-4.441063359261063
2019-04-03,-10.848433374493974,11.108715937760767,15.545962384474512,-4.881489038050188
2019-04-04,-12.383633104251476,12.683015995995024,14.001806407605883,-5.692269339785375
2019-04-05,-13.543460367443993,11.90136523628265,12.961883536058359,-6.744854846838656
2019-04-06,-14.31953180221146,12.068308930684143,14.099717612236512,-6.578428316886944
2019-04-07,-13.067051814947892,12.364610016595654,13.881407322646853,-6.569043717886681
2019-04-08,-13.735635092466863,12.454814206040144,13.59632662380673,-7.793768434736932
2019-04-09,-12.597284867624232,12.488801426619462,11.712001436354505,-7.326254786762566
2019-04-10,-12.743362992783755,12.515740683208247,11.10426483525258,-6.5678959455166055
2019-04-11,-11.467706053126378,12.293543482144083,11.083180101231594,-7.943482988070433
2019-04-12,-12.247363138767936,10.620451318926339,12.50998893092988,-7.3708246723354645
2019-04-13,-12.955095944090585,9.914526405959633,14.17812411723059,-8.809521466085435
2019-04-14,-11.96591021765239,12.2352118021976,15.341206681677656,-9.598526573300076
2019-04-15,-12.911718375543515,14.779880964498243,15.030533760562209,-9.703670441006013
2019-04-16,-13.6593150454975,15.834750860075424,14.823004050355246,-10.056798468481826
2019-04-17,-14.433425627921162,16.798206162526206,14.837862016472407,-11.689352335034808
2019-04-18,-14.904869406095932,18.795399093333305,15.072012567962249,-12.125844067993167
2019-04-19,-15.196637162545064,20.21542823645198,12.932650276904752,-11.67824614054712
2019-04-20,-15.169002400092321,21.700868206888778,12.562860871269198,-13.451103767401428
2019-04-21,-15.25828980236737,20.03867396527422,11.314075897322706,-13.185573507408945
2019-04-22,-13.809841528574463,19.731314019893926,11.87930893921491,-12.05492688732667
2019-04-23,-14.951790675526983,19.68397248786422,12.140996072935977,-11.177774958468396
2019-04-24,-16.43425857659819,17.882731868371046,13.689021652239168,-10.547089914481239
2019-04-25,-16.595947176900676,16.17970957525588,12.374326163010862,-9.073504494352106
2019-04-26,-13.781926929777665,14.524586238216575,12.521800080827566,-8.231988088038028
2019-04-27,-12.862171718180464,14.80463583850535,13.37215816245583,-7.720622593987474
2019-04-28,-13.487131207724572,15.736667563140003,12.835504642506011,-8.512587803462209
2019-04-29,-13.521774350937097,15.320265796736528,11.86720099538848,-8.44982623795526
2019-04-30,-11.820892028033093,15.395099095616802,10.904471127959885,-8.29136940368794
2019-05-01,-12.010327417332283,14.427213398810792,13.47744964706246,-8.96092750113854
2019-05-02,-11.353564940797863,14.785571231198578,16.594424893542133,-9.90713387012324
2019-05-03,-12.20762766416852,15.829333584970104,17.432755232760062,-9.227649418448928
2019-05-04,-11.166682374492984,16.05661048978636,17.81840729120946,-8.291556036235656
2019-05-05,-11.209733957411897,15.203555523698078,17.099685606986995,-8.308113764123677
2019-05-06,-11.916069488699899,16.114219120771466,16.192059435784806,-6.642255819624748
2019-05-07,-10.761930988460135,15.523749944725177,16.676629152823608,-7.205266405920544
2019-05-08,-11.051754024583976,15.360564253319861,15.233623920788727,-5.723796975333225
2019-05-09,-10.999365246785107,13.910264609682851,14.465900200506129,-5.737384522910964
2019-05-10,-11.025747538888243,13.184153594766597,14.32893109576597,-6.436068798270287
2019-05-11,-11.479284543917611,13.165360883801803,14.439311311737365,-5.277520801208681
2019-05-12,-13.359568404452146,12.349793420271851,14.177769807551945,-5.549939330206385
2019-05-13,-15.854267748429663,11.521920671678746,13.923303075839065,-3.974018921089712
2019-05-14,-15.858319107259566,9.891919323870972,13.234664994222404,-3.219436560701079
2019-05-15,-14.899844544125362,10.606312952624805,13.071598502359286,-3.7249302064759737
2019-05-16,-15.570371514681824,8.783911868505866,12.997587895359981,-3.1585248818135616
2019-05-17,-14.717066157557946,9.350041916463569,13.96362321568174,-3.917622524430479
2019-05-18,-15.333538865013109,11.294052593480394,13.44827460533088,-3.9929892556115685
2019-05-19,-14.243323609230949,9.06806871278501,14.925225249496549,-2.833421124605085
2019-05-20,-14.725271857213745,9.962947397576283,15.886760742662064,-3.3297925134745663
2019-05-21,-15.584502690604408,8.72321958951371,16.44632017461065,-4.715548685798234
2019-05-22,-14.788360499251757,8.431080214511585,15.134014992582621,-4.644855143001615
2019-05-23,-15.092114438299236,7.63454355129338,14.67509660598624,-3.8232045617736277
2019-05-24,-16.198663014860195,7.063770329346508,14.303622322101754,-1.8365779585416184
2019-05-25,-15.93423825936727,7.264830397125169,13.702153130803744,-1.0155892284390031
2019-05-26,-16.267151511636385,6.768097305827715,15.554507582831834,-1.3865762431887088
2019-05-27,-16.288955745558237,6.65728135599308,15.593967445876881,-2.230258361706928
2019-05-28,-16.492070580537497,7.333945407932319,15.726930310206736,-2.3234891304985323
2019-05-29,-15.174793462837346,8.081637960865486,14.563722205905767,-3.260914762466034
2019-05-30,-15.804990747037062,6.475016476913783,13.948882412754045,-3.0759461540319366
2019-05-31,-15.990182936973119,6.276246704186866,14.873533090847697,-2.1732247417236614
2019-06-01,-16.748793843975466,6.42298673824818,16.795492729580637,-0.9835041513723131
2019-06-02,-16.43669936320311,6.456386477315269,17.099463998004868,-0.43512078172813384
2019-06-03,-16.72042369398614,5.576416062879763,17.71905900599109,-0.19262160761482622
2019-06-04,-16.726675351128815,4.961007689929654,17.909116044036278,-0.5459330688659876
2019-06-05,-16.977787518623202,6.056127750863393,17.06841133296554,-1.0197004518312807
2019-06-06,-15.300576444960832,5.323076787611983,19.306934639336447,-1.156863368929314
2019-06-07,-16.22768413164262,7.902739698974754,19.510661617809852,-1.2474507074642787
2019-06-08,-17.013195093156355,7.091969541580239,18.37927283277968,-0.5318861244641613
2019-06-09,-16.31457252907539,6.313671210122582,16.23991385541883,-1.872050302688393
2019-06-10,-17.214673565038446,6.544948336364886,17.642442434252906,-3.6893876165807256
2019-06-11,-16.972477202976048,6.632031173122294,16.07758888007956,-4.182298567205471
2019-06-12,-17.971133024464653,6.996517095938161,14.955442913924784,-2.869683834304291
2019-06-13,-18.27879257213347,7.497550496014523,13.775751788874416,-3.765672132381137
2019-06-14,-19.20265319018766,6.746837306455884,14.41739744967926,-2.968352123852067
2019-06-15,-19.312161741369685,8.048331620107856,14.690465890470538,-3.468203630850673
2019-06-16,-18.65953176308922,7.7085265275670745,15.016967640561154,-3.721241881712317
2019-06-17,-19.539641091724754,8.417990880038452,17.16074496984501,-3.2164402522279536
2019-06-18,-19.218783933612333,9.010700928593716,16.961671649354912,-3.85294950647935
2019-06-19,-20.084580306995278,10.368784784628641,16.733042867330482,-3.4539442890934864
2019-06-20,-21.534942152670414,9.395422002304432,18.97839436512693,-2.4595984156292
2019-06-21,-20.70303827435471,10.668745591270584,17.572984836595477,-2.710755312068
2019-06-22,-20.36448907881891,11.22820032613609,18.39017096141032,-2.2927519609562483
2019-06-23,-18.79218474717081,10.6311049747618,17.896043530263096,0.016948411621847015
2019-06-24,-20.045921908103164,10.683390339864063,18.391078177091476,-0.2417569753369963
2019-06-25,-18.792087819832766,10.816298126433681,18.295913720754587,0.5529034659047867
2019-06-26,-17.930169768800376,12.865853399419457,20.12797989117105,2.06962434003605
2019-06-27,-17.34569222091204,12.423586046436723,21.329367771558733,3.4722295437372566
2019-06-28,-17.054697948282097,11.895007949533431,22.319267896082614,1.6633936431922438
2019-06-29,-17.663591843522543,12.88502682051444,23.69382119568724,3.1650003464113885
2019-06-30,-18.02190186462651,12.080531839447609,24.046971551596123,3.7624915510059904
2019-07-01,-18.53860772574807,10.517818410025939,25.469269309145396,3.2628151895402975
2019-07-02,-17.990992936769832,10.774835392555385,26.8001694992391,3.580520996668806
2019-07-03,-17.728298194857167,10.001904867692865,24.90869723286459,3.3367028802609413
2019-07-04,-17.28021054454944,10.149419877849763,25.33506338631144,3.4006219912872417
2019-07-05,-16.931454061049873,8.419792909156351,26.860045021900554,4.558610376039291
2019-07-06,-18.30099455472866,8.254094871501245,27.22315286255536,4.279935301219084
2019-07-07,-17.892961476367667,8.604354042870622,29.600109220594025,2.9887954853305416
2019-07-08,-16.874176056816225,8.13388115210456,30.160570847644706,3.0971291657720807
2019-07-09,-16.91319437356457,9.639835972011028,29.75634744451556,5.184501374559737
2019-07-10,-18.314051091526427,11.088475671611103,28.739538882721742,4.668644864334331
2019-07-11,-18.13261035184385,9.452401084711921,30.187122077562186,5.078659389695469
2019-07-12,-16.170267494358036,10.714327562604796,30.501366867496557,6.970801343863304
2019-07-13,-17.462109531237175,10.045907572866824,30.54810954384105,7.113263492460395
2019-07-14,-17.117227140206147,10.854462853327886,30.354259804820284,8.98775233175919
2019-07-15,-14.747134044856182,9.24524736059309,30.254038320413944,8.06463050874813
2019-07-16,-13.615472159073036,6.890240922689847,29.38878566813417,9.495740401360642
2019-07-17,-11.387973634234784,6.435926243405433,29.784992441691102,9.332194953724057
2019-07-18,-12.667318314256622,6.706942111137582,30.22827787418177,10.083695228495012
2019-07-19,-13.252947924813341,6.812766608207714,30.842980896553012,10.906059199525217
2019-07-20,-12.072495608473055,8.74356472509676,30.308851372205805,11.199742980846974
2019-07-21,-12.967620549487876,8.884181007688769,29.571722361376203,10.833926215276042
2019-07-22,-13.219192821295719,10.35475409948964,29.004290785706285,11.322928682407369
2019-07-23,-14.250712456184445,10.620250171186035,28.937365871422653,10.183070487184175
2019-07-24,-12.969834283656033,8.217654404665353,30.381597494770354,9.75453110051578
2019-07-25,-11.806400926681803,9.487180752788241,31.253173275198417,9.155549113526716
2019-07-26,-11.935855942330754,8.642723672715608,30.548877365325605,8.596312756933498
2019-07-27,-11.981827074928955,9.153391737680241,30.523230669762818,9.533506318669628
2019-07-28,-10.809015517975327,9.179797541411519,31.287063625819723,10.140118224816057
2019-07-29,-9.124119010841689,10.431933048283712,31.31974854344796,10.085933268693488
2019-07-30,-8.875139377585135,9.929516444616777,31.599587637808504,10.706131675002553
2019-07-31,-8.143867213197247,8.594761365194712,32.83622655414917,8.664484747385098
2019-08-01,-9.786482202395936,7.28191967715577,33.03946947747213,8.299909683632883
2019-08-02,-9.093003933784823,8.232592715734338,33.455145869051414,8.689344893093985
2019-08-03,-8.694647148033583,8.770548386001158,31.94859375433517,7.252119907807657
2019-08-04,-8.392005752866051,8.565334990796217,30.76699023168493,6.6409884207475995
2019-08-05,-9.182450873067776,7.065568584526407,30.54058603861245,8.783547217385934
2019-08-06,-6.412941365616966,4.776673223307499,31.05284058640592,8.903996614030508
2019-08-07,-7.8026798416981205,5.683916397001912,30.630706035941238,10.653019930611437
2019-08-08,-7.158527223934961,6.518910334708658,30.26663448874166,10.95368659464809
2019-08-09,-7.672373870450808,6.634336169866891,30.90835915694568,11.289703619426804
2019-08-10,-7.280631097103763,7.4593864144772954,31.335318396843505,10.285498054444302
2019-08-11,-8.892893764550287,7.554210497505868,30.26022390026884,11.064637601138465
2019-08-12,-9.13345255246592,7.971219117714497,30.209238598597892,11.015667655271042
2019-08-13,-8.690314076403903,9.20775224174285,31.4694918632693,9.446447455269144
2019-08-14,-8.754419061404933,8.341379567586506,29.834787918550386,9.38525312669307
2019-08-15,-8.500383853445106,8.755208942723888,29.736442954721177,11.720601691490236
2019-08-16,-5.948066177219073,7.895628176840431,30.946356711358114,11.294747230022617
2019-08-17,-4.652551075893012,7.907655369529918,30.790566121804023,11.410782690176074
2019-08-18,-3.199636225470866,9.742355644922112,30.36650081926933,11.871321772379591
2019-08-19,-3.301914179195909,11.109441293836863,30.471797285264593,11.577365161510368
2019-08-20,-2.279892306690298,12.242011733063974,28.30218106346115,10.138264351880798
2019-08-21,-1.3160843370408377,11.759555095466975,28.766509757710644,9.876737260729392
2019-08-22,-1.5696338886574055,12.296114227922534,27.800216324352572,9.89619448782496
2019-08-23,-1.408167465595939,11.690185492816196,27.698406257934277,9.93124975155552
2019-08-24,-1.057004719609017,10.831102601506673,27.53941562522427,10.281145258044003
2019-08-25,-1.4519395203850838,11.266171016746586,30.616675793524454,10.694017446592293
2019-08-26,-0.5725286535477841,11.51497091917092,30.19344994295238,10.102226366448896
2019-08-27,-0.20293520363545703,10.434205133865902,30.861607740277705,9.543898295327512
2019-08-28,0.4198749121788027,10.71546288408759,30.237099864575676,8.68622294008204
2019-08-29,0.36948271665928434,13.365624699007798,30.55246099537818,8.61539423295871
2019-08-30,3.3993879500532738,15.372605364993712,31.00952948586986,10.408151021250248
2019-08-31,4.398536399699625,13.880732295942517,32.439255871469236,9.944286599097747
2019-09-01,4.530913393895438,13.245064148452466,32.120785387735616,8.700275767002084
2019-09-02,3.225271307214924,13.701088421265792,33.18944181717848,9.578688999250373
2019-09-03,4.531415124857421,13.375141278415965,32.82846785562935,10.035963865326375
2019-09-04,4.483092191714021,15.288215179421083,32.40864054058631,9.055326860985858
2019-09-05,5.33888775029553,14.825122549282467,32.87292418548253,9.360929181289501
2019-09-06,6.355592891694232,15.609362020637736,32.494933708247686,9.175585392208166
2019-09-07,7.115123797582771,15.67722767547851,32.80176349794924,8.953353116537992
2019-09-08,5.225962856314173,14.128442052573856,32.335214093110984,7.847446429434593
2019-09-09,3.3466414893144476,14.872995504467012,32.508731515579704,7.835860386298585
2019-09-10,3.5350157738890986,13.718187625941571,31.337081454514824,9.127458095020868
2019-09-11,3.517157613327894,14.864737730402586,31.55596401461905,9.611775890830256
2019-09-12,3.9454360382987432,14.24728800422048,30.60949671787439,10.453448513397447
2019-09-13,1.940758266475243,14.084641865930141,29.307924303103267,12.487268216972936
2019-09-14,1.3540533713062537,13.446486335752807,31.275992076665315,12.730256408352366
2019-09-15,0.5703893498276685,12.544297421557541,31.630216971018633,11.698781787633855
2019-09-16,-0.08547372351025495,14.048174243909687,32.79085226730719,11.974016059155188
2019-09-17,-0.09084540445876323,14.84902839921915,33.882971800731084,12.04606274573056
2019-09-18,-0.8434943398995024,13.056916274015983,35.22806695397583,11.9419362865635
2019-09-19,-1.485168952615344,12.32269939504252,34.69228501310823,11.996880763827427
2019-09-20,-1.7708259592586009,13.61983407992212,32.8892762601785,11.949356046989584
2019-09-21,-0.9328911058840151,14.703923683246057,33.03104896410816,12.30884490943156
2019-09-22,-1.1591613023847622,14.122404669210173,32.723912462805515,11.125880692304122
2019-09-23,-4.105615845610134,13.4277757060768,33.875140270576125,10.482722950714413
2019-09-24,-3.1107345290075035,13.821675529215387,34.24421737716702,9.98495670017835
2019-09-25,-3.576505131307666,14.131974048453971,35.28678647774882,10.47443206814834
2019-09-26,-3.034618745273849,14.183363680956651,35.310591090352986,10.555962008062096
2019-09-27,-2.839998483950627,13.334313651228856,34.8668483499632,10.519684870093272
2019-09-28,-3.4905708414305776,13.342535440934723,34.73568292827998,8.751973971111237
2019-09-29,-3.4858703623042238,12.247591372088817,34.014866517952754,8.50138694103486
2019-09-30,-4.645027597865047,12.888853900726208,34.12092013922375,7.684921297736879
2019-10-01,-4.560205589889884,12.966418052348924,34.812638378274116,7.491245184236064
2019-10-02,-4.675437938586295,12.379402220615372,35.32983264779953,7.256137168543854
2019-10-03,-3.806284858088179,11.46163260423376,35.84510236245309,5.283687013212887
2019-10-04,-4.414205719450225,11.641139223888091,36.09186745199571,4.660515712110004
2019-10-05,-3.4276999190193616,10.819253575342303,38.079144718796066,4.613397347189405
2019-10-06,-4.449193214623542,9.155332293862068,39.650687000532876,6.520779115996306
2019-10-07,-4.760011354454541,10.366341131969005,39.7036566429011,4.989891147010135
2019-10-08,-5.902442940029132,10.524477424778684,39.23274955349676,3.9540277112202356
2019-10-09,-5.123182417663291,9.335694965986102,39.67145877003506,4.395441900595918
2019-10-10,-6.438199064477378,9.401142397877605,39.202041167318235,4.861757042002226
2019-10-11,-8.401393493896595,10.011044789742169,39.036856251365286,4.449262983641783
2019-10-12,-7.999920440227953,9.103089695952313,38.926515905123345,5.633167609939744
2019-10-13,-8.582874376430416,9.969958761405453,38.35158080191455,3.7428910986541872
2019-10-14,-7.234458207989062,9.924660811271705,38.896984060691686,3.3912002499069627
2019-10-15,-7.933940457578147,9.369481308491487,38.209306927796966,3.0983869722918698
2019-10-16,-7.204629035192545,8.285936770790435,38.44660508594609,2.298988278282981
2019-10-17,-7.552810474779072,7.878436925964338,39.69737541717066,1.1281291278459307
2019-10-18,-9.135976250513922,8.037985132594725,38.92008184593042,-0.017665641825216793
2019-10-19,-8.664283467800898,7.268842708980875,39.99111186189791,0.34317988395000437
2019-10-20,-10.096451469547546,6.390395669812597,40.06600659910329,0.02274151099569882
2019-10-21,-11.260883147301342,6.285035940834681,39.350333427115984,-0.9908132366496472
2019-10-22,-10.340537996835797,6.778624841136196,40.12227087514488,-0.053383910706790605
2019-10-23,-10.57130392883744,6.126696560761684,40.28695876261734,-1.6836853817542674
2019-10-24,-9.150394836529259,7.140775995040629,39.46514376778644,-3.0895402779743018
2019-10-25,-7.61251132276472,5.518964903849327,41.06897370748096,-3.6414540820276478
2019-10-26,-6.225092134842979,4.478436335980703,40.110464270829496,-2.640776348532159
2019-10-27,-5.857083925752781,3.658901021902757,38.399374497314746,-1.6727153653918465
2019-10-28,-5.108919612957075,4.680222292532346,36.8234544058432,-1.70231669313431
2019-10-29,-5.934309826699755,4.120075979360912,37.862548122094026,-0.092886742165595
2019-10-30,-4.152464112450387,3.3094008856340733,36.62882731078818,-0.2761789476607059
2019-10-31,-4.5319447691095816,3.4435751858380113,35.85928418939335,0.40543572541845346
2019-11-01,-3.9163891522408965,2.9863649447660783,35.294056328949395,-0.24926243760734618
2019-11-02,-3.5270686673633675,1.7425167363082565,35.19447378188613,-0.4779960928280157
2019-11-03,-3.6251005037744215,0.8222725025227383,35.290949847376574,-0.9903451398866867
2019-11-04,-4.287013963913782,0.5374366262395338,35.247183525612705,0.24659319672391322
2019-11-05,-3.5287955346589603,1.670219856056021,33.78755138212879,0.5525090783588092
2019-11-06,-3.338264174813731,2.181176178530665,32.834775131913446,1.2560599223494355
2019-11-07,-2.0103912889036604,0.8422536472369646,31.69834653572484,0.35453531570543784
2019-11-08,-3.2428067123511637,0.07697131310827354,32.69289483321338,0.5229370809414003
2019-11-09,-4.529855276612945,-0.4299512463894397,33.740467564273295,-1.1538434351289948
2019-11-10,-2.459453961226899,1.2043759510905927,34.44151504967465,0.7968905196189544
2019-11-11,-2.1912463708035563,0.3977974764248525,34.461768175467185,0.2873863850683025
2019-11-12,-2.745215092057585,-1.2043699829166838,33.716453206762324,-0.5838352104862912
2019-11-13,-3.1937122564777427,-0.005549370594746916,32.94779783243375,1.1626992165295866
2019-11-14,-3.456521455926943,0.4260126029173388,33.77381159999303,1.171623513094948
2019-11-15,-1.9066351972141247,3.075721515039292,32.618108579707176,0.3001354368812278
2019-11-16,-1.500918489890363,4.7326622977239765,33.31980197261813,0.4058352522037516
2019-11-17,0.03845280937028206,5.729216713827699,33.3518904976226,-0.2454045584777046
2019-11-18,0.6331271982919066,4.661918073057029,32.30562702217687,0.14170330672317671
2019-11-19,0.369315946351163,4.360255578403924,31.82399068663452,-1.5329763205692648
2019-11-20,-0.3654525547335304,3.3136133125337497,31.930960213306015,-1.7439664757812707
2019-11-21,-0.1629416863166124,2.718652509812241,31.524841596622288,-1.1935738169784873
2019-11-22,0.6314045281036497,1.4165724032204574,32.063563259917906,0.174710168813627
2019-11-23,0.2364813154971953,3.3755225269967957,32.36572165479315,0.5909794633194109
2019-11-24,-0.0002784217190738292,4.087479683292358,33.232820414182406,0.2451351547154424
2019-11-25,-0.8543196663173946,3.1591066345426526,31.736550260993084,-0.48260354175073833
2019-11-26,0.8340505100460347,4.2210465112521,32.03126438005668,-1.0831515502340148
2019-11-27,1.4922230461146082,4.755691333202045,32.379422783625024,-0.3233344973801895
2019-11-28,2.347977408641041,4.853674381344908,33.59612926590387,-0.9008555226542476
2019-11-29,1.4566898602913865,4.200762034421102,33.91852691680286,1.101039428558076
2019-11-30,0.7935067085466508,5.639907981140045,35.333773425395734,2.722069523559876
2019-12-01,1.5893251665822732,5.589891517564583,35.7222544960671,2.89475115433006
2019-12-02,3.896845565927431,6.755680501840928,36.113442378893716,1.5761040091553002
2019-12-03,2.687601349123688,6.146755293225848,37.79011240573354,2.3276830676935565
2019-12-04,2.582165224834396,3.86778178578299,38.28965728165772,3.3770709447031413
2019-12-05,2.413076204807254,4.16177589502235,37.65916435604369,3.6454700596343796
2019-12-06,2.3499072469031876,5.641195220290535,38.62343830266749,3.1700626213550103
2019-12-07,3.0126291431287027,6.6632483207521505,37.993082836812576,1.9656919790688565
2019-12-08,3.4453214364946687,6.694635564850633,37.13693016424183,1.6853850648801547
2019-12-09,2.527179021070888,6.215936390310795,37.045573750621514,1.7582368872567156
2019-12-10,2.643875668600267,6.217602111328536,36.235750769064225,2.076383025105138
2019-12-11,3.696025130457312,5.581474734870108,36.46651466744853,1.8384573766575334
2019-12-12,2.697342098623025,5.094335878762646,37.285517257084486,2.4315216566216122
2019-12-13,3.4202089034576,4.651227394951683,37.11730082872177,0.2639017033501432
2019-12-14,2.4672675433210527,4.19462614201737,38.14203324777152,0.22410289782052398
2019-12-15,1.4903227637462733,3.022010805176082,38.913103992415884,1.4647083053623742
2019-12-16,1.90727406371338,1.3386066727152317,38.29772101148637,1.484078547696976
2019-12-17,2.4172150137639568,0.8779724785172107,39.14883210384301,2.483911222828688
2019-12-18,0.9289826833199923,0.7688854265038839,37.70905260193922,1.7699586691249003
2019-12-19,0.7873555436999576,-1.3103571909924998,37.78022403383949,0.948788137028671
2019-12-20,-0.06744969382606125,-3.6171257963260968,37.172573727125595,0.7551253722025077
2019-12-21,-0.08014856237789987,-4.209160401400772,37.97002620660882,0.869459480501249
2019-12-22,-0.3484878919794485,-5.23806878853562,39.48487191734882,0.21867840171966257
2019-12-23,0.9981533716324122,-6.399475105006814,38.64256079263643,0.6519144448461276
2019-12-24,-0.6405466042441001,-7.472576202355819,37.51132317933025,0.6506271290845644
2019-12-25,0.2809124909427835,-6.327687483796647,36.447401786468795,0.8950742377323818
2019-12-26,-0.4942127699760016,-5.807525662133303,37.42923281584469,0.8143801473074489
2019-12-27,-1.2695572751480149,-5.516139994572366,36.87148637791764,1.7456526996576696
2019-12-28,-2.499744102748322,-6.26369886956759,36.57207755688786,1.0145296586854327
2019-12-29,-5.066852149664153,-6.434767835913199,38.35890994003102,0.9501618915388155
2019-12-30,-6.30891488888553,-5.300066444813259,40.080196445102786,-1.0523693378714853
2019-12-31,-6.828389627408632,-4.080574815492802,38.53810294889384,-1.037168547662763
2020-01-01,-7.121409930163179,-5.007780960669087,38.063606855225046,-2.065838357180229
2020-01-02,-7.097178290548498,-3.6020803635195655,39.79924461181818,-2.6220093060682057
2020-01-03,-8.062398753085173,-1.696989966384033,39.91161959765213,-2.432560759961511
2020-01-04,-7.223101317439335,-1.2573327652792274,40.33030027576897,-2.9700173352454007
2020-01-05,-6.362730490739134,-2.0947237690873957,40.44687649187252,-2.82016129382799
2020-01-06,-6.08417304490301,-3.094191570608281,42.75263081896937,-2.6427251477968694
2020-01-07,-5.705206773663193,-3.0584445171485903,43.291395185336484,-2.720165230455171
2020-01-08,-5.237983866144736,-2.515758626904593,42.178772405191964,-3.17654634033345
2020-01-09,-5.2298963819166495,-2.177820437900602,41.73064721190069,-3.8053769876634984
2020-01-10,-5.843989207215193,-1.9866383060627495,42.424544252677485,-1.838572461755434
2020-01-11,-5.107978204994477,-0.8205151844584495,42.35030484880634,-1.426422290751159
2020-01-12,-6.356708186683405,-1.5351156817245946,41.118207472325814,-0.8623949809243266
2020-01-13,-6.083867719173455,-2.4259782018994795,41.92052797862236,1.6736771701604423
2020-01-14,-6.094696420809293,-1.6520375638758478,41.85829976909255,1.7090909762329038
2020-01-15,-4.344849539606356,-1.497687492963624,42.70087533213809,1.5059649449486352
2020-01-16,-4.979424455907136,0.4143249983663355,42.31844682340263,2.246742339685987
2020-01-17,-5.2636980304457115,0.8776872353810885,43.0205564191516,1.7180152914162536
2020-01-18,-4.837827178862654,-0.3771618924661235,43.676363554468765,3.8801156151522282
2020-01-19,-5.908807064042129,-1.384808419005236,44.680835305586584,5.61411853123979
2020-01-20,-5.56049226274667,-0.7948577647579466,43.777265988013276,4.326300902655064
2020-01-21,-5.515432944886588,-0.022286372769859675,43.47290975243013,4.184916108459447
2020-01-22,-7.210337664310251,-0.09984482176738976,42.29418713335464,4.352774632024792
2020-01-23,-7.089715725562039,-1.3541145891846655,42.143209395210995,3.9025644754786506
2020-01-24,-8.021305657398543,-1.3527789646034782,41.69643101892865,4.843272120439242
2020-01-25,-8.794138174760558,0.009304221959333114,41.29256569329311,3.512745070569772
2020-01-26,-8.946753478918733,-0.3170108394432236,41.432857590579474,3.890065342890679
2020-01-27,-9.011734812345555,0.2103122061942173,41.1655587147861,3.501792922936257
2020-01-28,-8.704284652012477,-0.696817430920903,40.07278413913972,3.845170761874241
2020-01-29,-9.370268854373112,-0.4426900010070373,40.285096033041555,3.73669575691572
2020-01-30,-9.517972396292004,-0.4959918580644756,41.037616796795476,5.602318957468095
2020-01-31,-10.76279039533823,0.37091847502953285,40.19812498857576,3.629505215743821
2020-02-01,-10.777817698017207,-1.5564796761036153,39.99165368962167,4.39006918932614
2020-02-02,-11.003037051144315,-1.1609208419951902,39.35002333358788,4.235181003016642
2020-02-03,-8.99820062121316,-1.9273475924359205,40.527877508002646,4.817488551638884
2020-02-04,-8.688918808985381,-1.4925076032291593,38.46514639290889,5.81948916650224
2020-02-05,-11.213055375707631,0.4822355372496836,38.45916492718183,7.057480125923956
2020-02-06,-10.91208956070474,0.47701510676764,38.180666049356844,7.3090963598167145
2020-02-07,-11.00930473798942,0.19637686248798242,38.32360909904908,5.714491205002419
2020-02-08,-10.86527529428339,-0.8787927205537793,40.144710624703066,6.489442923197494
2020-02-09,-11.49140405738158,0.28766988011137795,39.07402445254527,6.788458273134542
2020-02-10,-11.445103309576403,0.20535195072664836,38.542909201316284,5.214318721654899
2020-02-11,-11.350256796914,1.6142098840091843,38.1968913042639,4.639118098470265
2020-02-12,-11.459999331006784,2.7949751139044148,39.28674699408237,4.230950288874827
2020-02-13,-11.675247650957289,1.9045635620868575,38.62010180752469,2.3436451657835065
2020-02-14,-10.358051389836378,1.246601093196305,38.02184144569503,2.581610141843642
2020-02-15,-10.602013132366364,1.8404263767839832,38.18477573974835,2.0569584736252438
2020-02-16,-10.603873596833902,2.1798295953728295,38.378229107630894,1.6024481698923667
2020-02-17,-11.286575194268847,3.3808593281580626,37.64742930325372,0.48487312808447514
2020-02-18,-10.661530871977623,5.165017489640643,38.076591801505806,-0.33459912473260256
2020-02-19,-9.171023373833856,4.21316487487756,38.78836076413244,-0.9402129072664818
2020-02-20,-8.391959449771242,5.629995676960536,38.06370663273735,-0.6800704817941146
2020-02-21,-8.366651262105858,6.542485441535679,38.26146005765136,0.24361411601932847
2020-02-22,-8.674030473706262,7.077106806792548,37.2145552519064,0.8781989796754489
2020-02-23,-8.643083423369498,7.037345414105429,38.57535591731491,1.9025179948258444
2020-02-24,-6.79789959617911,6.721964243271434,37.93303039105634,1.4114396826056619
2020-02-25,-5.312580375727691,7.224706844414421,37.34100179067943,2.097315457062593
2020-02-26,-5.575749936986825,8.289499057197965,37.508433112546385,3.8317105921332058
2020-02-27,-4.486083968033673,7.50386320633073,37.27305206603313,3.967038322535268
2020-02-28,-3.650273794445382,6.657441151014309,35.951914928250496,4.321987670323219
2020-02-29,-2.581587005499604,4.73156296840594,35.70162856623551,4.007456512851317
2020-03-01,-3.8221639536301453,3.4848759464657886,36.452968241496215,4.245148850997391
2020-03-02,-5.804062811550701,2.968424128142285,36.543454530862554,4.993786570828131
2020-03-03,-5.966948281063,2.0534204987104445,35.527688859308256,5.029730245721744
2020-03-04,-4.680192995993316,0.8644736615705282,35.336028896646106,5.685521991368451
2020-03-05,-7.173891546135859,0.27647579647860954,35.46821958055526,4.588555144822069
2020-03-06,-5.977014851227133,1.3170835464796529,35.021466068927026,5.44286063902249
2020-03-07,-6.473999069481142,1.3657846625424375,35.573969140036866,6.798810223476137
2020-03-08,-7.892891611525017,0.9376497029592199,35.59645577706654,7.254258700504049
2020-03-09,-7.834188238017355,0.7634881052638731,34.59030825056877,7.655487301428541
2020-03-10,-7.5234756543231995,-0.39061827422589324,35.98996933683247,7.405604233608298
2020-03-11,-6.629097313240961,0.08913791793962683,34.180531451238004,7.62590324084572
2020-03-12,-8.685907112405062,-0.7288962469392919,34.1240022037986,7.404619531574052
2020-03-13,-9.488965343909332,-1.5255753618144987,33.69524496029926,6.674751015872369
2020-03-14,-11.063028123807474,-1.0044554716894734,34.748869568086384,6.100340078719116
2020-03-15,-11.200047550240622,-2.480402045572325,33.52937584309436,5.731821954971394
2020-03-16,-11.102811836292368,-0.9007108259279368,33.571553077324474,6.071656559993478
2020-03-17,-11.196893209198926,-1.6263758694108952,32.19433201610636,7.60388467057137
2020-03-18,-11.481918831031686,-2.512193968242221,31.757934111697857,6.648476400116238
2020-03-19,-11.891101341456785,-2.868691943145184,31.446975135809645,8.038024568417589
2020-03-20,-10.975522795168692,-2.758848744171096,31.849441423953262,8.051188213479476
2020-03-21,-11.449362607389915,-2.9077182274296054,31.714476550592007,7.38409262647196
2020-03-22,-15.174231802518229,-2.7862317342545553,32.23870270823966,6.069495707226502
2020-03-23,-15.609852940783881,-3.386018365134933,31.80985769817965,5.128747248254476
2020-03-24,-14.056600582952717,-3.0542845101738485,33.499620567175455,3.5058685561687044
2020-03-25,-15.185831866897312,-3.914042266622923,35.30218500242057,4.0110569309130195
2020-03-26,-14.05538659270478,-4.001036026364251,35.813111309518696,4.907913030603081
2020-03-27,-13.731324550423633,-3.673462935227491,36.97858361685503,3.615690119082745
2020-03-28,-12.988451232783543,-1.9358114218613525,36.539136524720284,3.562003376341461
2020-03-29,-12.661023326359961,-0.6538974775326785,37.015658563922905,3.690428358461666
2020-03-30,-10.490055468926897,0.21916115806306857,37.39252867302327,4.616780299685732
2020-03-31,-11.574761866135399,0.17368977359764734,36.88632182593036,6.599109402424287
2020-04-01,-11.865969305291861,0.11434424737915216,37.0600060875704,6.174724831514039
2020-04-02,-10.181558366098889,-1.260698943687383,35.79903245281184,5.157330017897494
2020-04-03,-10.982977983663284,-2.148143232103915,36.559164881541754,6.35518810718667
2020-04-04,-10.687452628168264,-2.259698783800136,36.384675741259365,5.600555866409934
2020-04-05,-10.377754587679405,-1.6022867393608684,35.81336763805196,7.179275834403493
2020-04-06,-10.681034013297705,-0.13104038673859786,36.32182608130208,5.837091313346571
2020-04-07,-9.084371581848156,-0.7222789026641,35.70245274943486,5.802493226965887
2020-04-08,-7.714562815337029,-1.2124404550858727,35.722961681769206,5.874362370712934
2020-04-09,-6.438266071067462,-1.3883872917117686,38.00382821245322,6.743589391196409
2020-04-10,-6.599366350437113,-1.6770335825271614,38.289456180589234,6.4062522183111446
2020-04-11,-8.487212693726413,-1.8742592132676228,37.427254407802565,5.975903873048066
2020-04-12,-8.855309403572901,-1.2593987778333289,37.75173351364683,6.455207666530807
2020-04-13,-7.3536713699017655,-1.990298425121663,38.87047526590592,5.299524633493818
2020-04-14,-7.609290435831583,-2.0623535650874407,38.214600034476156,4.613234368302226
2020-04-15,-6.29517234704889,-1.551701579407042,36.73665600956821,5.810376421468364
2020-04-16,-5.493232764140128,-0.45779057898450515,38.2986981491679,4.808512054730004
2020-04-17,-6.260217624679739,0.14383232212655384,37.17904444215365,4.326923616843155
2020-04-18,-5.807559426797264,-0.06700642832716144,36.54541545500327,5.827610189451927
2020-04-19,-6.734619402600261,-1.3311532888315822,36.748670585111626,6.486285445812843
2020-04-20,-6.205897794309767,-1.0427861439050132,38.34548632416153,5.999960482719479
2020-04-21,-5.505442318042474,-0.23565606083260437,40.41516446308944,6.738864121111719
2020-04-22,-7.489350224749788,-1.3954237276385992,40.59271702870172,5.601931198058035
2020-04-23,-7.835230369112705,-0.09531321911853441,41.11696114264914,6.941794387130537
2020-04-24,-9.128236720620029,-2.886762502877943,40.726107845654724,7.904936386255294
2020-04-25,-10.634775277335109,-2.205622962461455,41.11819977968915,9.032342226928234
2020-04-26,-10.572151105980646,-2.664191947227273,40.887660085176044,8.96880654692009
2020-04-27,-9.732431074039175,-1.7973274673916406,40.27104645577109,9.493527386554188
2020-04-28,-9.629504931510708,-2.6413669739838,40.35878871502432,11.144613322911523
2020-04-29,-11.319791825465254,-1.2418403719621982,42.40316063760096,13.278413091907305
2020-04-30,-11.744160700644747,-1.1392800773444587,41.31294524928698,12.979172286332865
2020-05-01,-10.08461310706419,0.6697949037139694,41.04360764679315,13.651714992837212
2020-05-02,-9.363037526921161,1.222055737525825,42.27084891279944,13.197295080211642
2020-05-03,-8.763062840220027,1.4163863931349412,42.39350971743446,13.45378656553132
2020-05-04,-9.334766259781873,1.5838554129743776,43.65396529731425,11.265143603129099
2020-05-05,-6.422527616236303,0.7746743478919608,44.38753571594642,10.710279413918718
2020-05-06,-5.984458657763994,0.17475811219153314,44.02770525687412,9.800253129354273
2020-05-07,-7.286708851747033,0.527335102273873,41.82247237054451,9.249693385323752
2020-05-08,-7.8104856101027424,0.5453341986803171,43.4942389191351,9.09216951090401
2020-05-09,-9.431340470273586,-1.3364910768398148,42.309043086728856,8.739803815803933
2020-05-10,-8.406421957281406,-1.4582466394825726,42.010747707889394,8.454326686377822
2020-05-11,-6.901314694932175,-0.702652758722371,42.71812226527904,8.102137537447446
2020-05-12,-9.125404627553692,-0.25056392545202827,41.01579652958666,7.456271732965471
2020-05-13,-8.150421134832357,-0.3589077841045228,41.72867598408103,9.392527466450053
2020-05-14,-8.644586501871292,-1.103197406941721,39.62571072639262,9.867006821325036
2020-05-15,-7.933995132851345,-1.4655239999523648,40.6508112996773,10.10150425161979
2020-05-16,-6.458206046504951,-0.84775477900587,42.304053814395424,11.213397360990042
2020-05-17,-6.781090519113041,-3.1968862293782423,42.75863078497831,12.922059040884216
2020-05-18,-6.588773125533343,-2.882865980349279,43.324459993031425,13.84781681606825
2020-05-19,-6.458545952226565,-2.8850010000537996,44.23974924015184,12.32808712104838
2020-05-20,-6.962570482108438,-1.2836315990672098,44.77952830343196,12.190040895637301
2020-05-21,-5.7474881845312815,-2.5052482628862895,44.15234064319602,12.623769943403227
2020-05-22,-5.0639476767640135,-3.067283950858841,44.48217719470279,11.675155655448375
2020-05-23,-4.049634599433594,-2.2886947703668254,44.03911922844719,12.033017801158252
2020-05-24,-4.304156534493076,-1.9704237292380549,42.37824250905665,10.151503139065616
2020-05-25,-4.9012650798994715,-2.364190967076532,43.2903494483128,8.800621636312846
2020-05-26,-3.6886664435829193,-2.4010145032806642,43.44562543980212,7.367067052933324
2020-05-27,-3.6743002591757183,-2.5062633492406357,43.2206926105532,7.480335232753119
2020-05-28,-4.856262903440955,-3.1585302136538917,45.142480747057505,7.3306067807797595
2020-05-29,-4.853313764577894,-2.687446030979421,43.984846688408766,5.678144442858714
2020-05-30,-5.624268170622513,-2.024694331813055,43.555425714099755,8.14030076298938
2020-05-31,-5.6016797075173885,-1.7662654161737388,43.64177974253859,8.08914979416405
2020-06-01,-5.025981980893386,-1.6061395375758873,44.54281743732708,7.480450980248357
2020-06-02,-5.446139418180428,-2.780077479521875,44.76670107527355,9.578201136635371
2020-06-03,-5.438942416367613,-2.8639625103176214,44.27175068988328,8.762447864513975
2020-06-04,-4.0562950052202815,-1.8659984875187938,46.17355434137129,11.220346193190116
2020-06-05,-4.721319677945871,-2.3594311917748807,46.52083061597613,11.516209290217569
2020-06-06,-3.6129514312580295,-3.478546859824533,48.32895447956606,11.234448147087054
2020-06-07,-3.3689039385684687,-2.532655803967292,47.25780700340046,11.561065301653883
2020-06-08,-3.794681610891808,-1.716537446729429,47.07531164326061,12.10407878109925
2020-06-09,-2.60489659352386,-2.0003663528127777,46.762772337408734,12.008144441611448
2020-06-10,-3.6164479255767343,-0.9611455856454332,48.8398918048791,11.592941501851964
2020-06-11,-3.0720459372239435,0.1546919283897481,49.203488642254804,10.656538831523793
2020-06-12,-2.108023107367558,0.1334212576762499,47.59084810578191,10.717390599617342
2020-06-13,-2.5337926291702506,-0.14461618032589885,47.58411795756073,10.648767405927478
2020-06-14,-3.632364525446819,1.5848254127268122,47.87292313197123,11.430149124701261
2020-06-15,-1.2081228215557251,1.6517057173534562,49.011200975421,12.902805936170711
2020-06-16,-0.5917390443069749,1.0386230753098622,48.22191546254228,12.467417503503794
2020-06-17,-1.4692982359156836,1.6778583510434548,47.83718173661,12.648428630490148
2020-06-18,-1.4198297578850458,2.7261325787162916,49.126859023909496,13.077244765645373
2020-06-19,-1.5076411408762513,2.969427334615699,48.62495603888488,12.751108269201653
2020-06-20,-2.0218199546449966,3.7684574884547475,50.62380631674997,10.821155225372607
2020-06-21,-0.35222347090535777,5.431611256073669,49.60896506816154,11.412116942911924
2020-06-22,-0.592470223625919,6.846013467030705,50.19676847696935,12.087830605069433
2020-06-23,-0.7935209939098085,6.41177869136613,50.33636337959441,11.726441049098943
2020-06-24,-0.3778560792824659,5.250288445623348,49.80529040793656,12.042696495790722
2020-06-25,-1.060949307900233,3.7741389525966884,49.166688717478486,10.32115213715393
2020-06-26,-0.3779851614593288,4.319141528045675,49.03165619430898,10.309089384021709
2020-06-27,-0.19605056772463034,3.667528093983126,50.385163475890664,9.837035275236902
2020-06-28,0.8469046130631847,3.283200803093008,49.423860610021585,11.57901889343643
2020-06-29,-1.1282081899259264,3.7159595839760167,48.50871445477222,13.612698791696582
2020-06-30,-0.458341181215389,4.295200411406175,49.14914873077623,14.401906092215293
2020-07-01,-1.2984004981685726,4.121492033733432,49.46790434020885,12.851058002669452
2020-07-02,-1.9906587378877023,2.336802667549927,49.06598673198695,13.500502763963507
2020-07-03,-1.1689425292589446,2.7902968998156212,50.21591431281395,12.76126961842024
2020-07-04,0.0031435520325964195,3.613777874186767,49.77817163790365,12.52510921167963
2020-07-05,1.254950761605324,2.262292094301544,51.2845158758247,10.444986996375533
2020-07-06,3.0139776284480186,2.3913804115577304,52.29001413231883,11.78271194939046
2020-07-07,2.581864667393903,2.642857181042144,51.89109233080403,11.249016455634028
2020-07-08,1.8006969915846174,1.9630063118964798,51.000976234419596,10.321190450307727
2020-07-09,1.7096813354817426,-1.2624738077281994,51.43098693509507,9.958038061741915
2020-07-10,0.3728936621968397,-2.5237290773563945,48.782134962413025,9.388704208174438
2020-07-11,2.2607079673985204,-2.5297071897401358,47.24981895567477,7.930512827776391
2020-07-12,2.390868394297215,-3.6049679463765,46.60466191582804,8.471068538505683
2020-07-13,1.4158221943968963,-3.597605659173798,47.772052669224045,9.017468534023811
2020-07-14,1.819969689216744,-3.525644130307982,48.40875824736934,10.37396169404609
2020-07-15,1.8752786171204021,-3.7293378042942535,48.620709998743116,11.139105322219589
2020-07-16,2.078964912282215,-5.024206094235529,48.64923574985138,8.56857173190681
2020-07-17,1.5153271236327714,-4.957621936305387,49.68042513919122,8.995505254626647
2020-07-18,2.131425869280947,-5.767340265069763,50.063283247536255,7.665561631857768
2020-07-19,3.192389703735592,-6.003097775000357,51.58999915023717,7.580111468528421
2020-07-20,4.599683241467027,-6.244294474231749,52.14042921464318,7.378998594761876
2020-07-21,2.8875243868289147,-6.629674531893374,50.50347751065867,8.027536923125837
2020-07-22,3.946388813503582,-5.9988222848492345,50.23858836955892,8.350452563274313
2020-07-23,3.9237428696690624,-4.180577547549374,49.48041801473234,8.290884109024566
2020-07-24,2.607117296147918,-4.499480542349368,48.86449154413452,8.295355777208522
2020-07-25,4.205211301769166,-5.193794985670823,50.06021355136711,8.71729879488537
2020-07-26,4.858439209385945,-5.198505025630937,48.56166478052477,8.734738209936683
2020-07-27,4.550692949905781,-4.528708597138737,48.20359516793291,9.57585205959301
2020-07-28,4.7309564451558686,-3.6622456792026776,47.78164295340086,8.26563667172365
2020-07-29,6.5284843065061375,-3.331183184013887,46.631868610724965,9.795404012480542
2020-07-30,6.099610523496634,-4.112647012507075,45.430230179870364,10.608696115739237
2020-07-31,5.531248401761665,-4.532671237735198,44.03448566327628,12.256231313904083
2020-08-01,6.010748896979794,-3.851990027511568,43.682611960196134,11.62627062493161
2020-08-02,5.790592841140114,-3.0175820277694245,45.36112320317222,12.525256834733462
2020-08-03,6.6104740362851775,-3.893061718803033,43.42352720088421,13.568347636925427
2020-08-04,6.346690487838213,-6.907575474767292,43.4412052803296,13.458477008021621
2020-08-05,5.880139971494433,-7.0309453886173445,44.17660180591472,13.863651634976412
2020-08-06,5.733637185068552,-9.215366503079009,45.76848014911323,14.344590987420235
2020-08-07,5.053973863730771,-8.618572522299164,45.67421893854612,15.473628544091708
2020-08-08,5.530655180301917,-7.55065582773825,46.188826790697014,15.708107783093928
2020-08-09,6.0843255654988075,-6.020554758461001,45.94820783139415,16.095113775490574
2020-08-10,6.635837256729144,-6.56948511283334,44.98483370897173,17.48213906121568
2020-08-11,5.779918324372089,-5.343124507439669,45.09623648805831,17.85479857280842
2020-08-12,6.159059593662744,-6.132543197407785,43.710017856263,17.900179134329402
2020-08-13,6.132726899008814,-6.698988851319463,45.060290090359814,15.800461944528564
2020-08-14,4.133705993350723,-6.356494449229209,43.71913610853306,15.621494607176055
2020-08-15,3.537314959149054,-7.143981675691973,44.19390738333977,16.511787876114827
2020-08-16,3.17418942358588,-5.783698224864569,44.5728882787138,16.773177684050598
2020-08-17,3.2130953932044504,-5.234404859883754,43.32481218863416,16.6960898824783
2020-08-18,3.7327702269383733,-6.427934637540909,42.594614128171,16.44485355087814
2020-08-19,3.559454195447316,-7.310979640182933,41.50208686617755,17.015239427679624
2020-08-20,3.0311119588649453,-7.176260557984158,42.20694032194588,18.062735330595647
2020-08-21,4.4395056190892355,-8.066332373805949,42.32568528562295,17.297495071583246
2020-08-22,4.368470776217131,-8.131633574856185,41.90862625624271,18.60983440949767
2020-08-23,4.087935491415358,-10.454041514961045,41.75434847346775,17.68504163887335
2020-08-24,4.956892322318438,-9.522970486740503,41.35510390813128,17.815807923616628
2020-08-25,5.7345292959160705,-9.43325377205011,41.26475290526048,17.93318632631086
2020-08-26,5.9340301765084,-7.58324719268698,40.0480191041461,16.825429571675464
2020-08-27,5.18845283820406,-7.203998404420731,40.742925770952596,16.65833660882871
2020-08-28,4.037078509882595,-5.867383952732291,39.328575728875094,16.679168162269086
2020-08-29,4.053413657005138,-5.534571793086483,39.99462900367587,17.21909439601372
2020-08-30,2.9463044644906367,-4.677777538941671,37.74081543406455,19.28451522245775
2020-08-31,4.714333729576675,-3.8866613664940592,38.10371329773121,17.46855653729075
2020-09-01,5.007394892958228,-3.8324674359364614,38.20354717539922,17.640150653953462
2020-09-02,5.067985014346774,-3.7644470688486527,38.821704026912606,17.738772475728826
2020-09-03,6.389456114759792,-3.346328724783411,38.0428225774594,16.77532781196131
2020-09-04,7.1838270527387635,-3.1428893038061583,37.16335423752186,17.640036894904025
2020-09-05,7.215665230047837,-2.960253089659476,36.81421489722387,16.461349889180042
2020-09-06,4.107886873741857,-1.665021851950057,34.975516735456296,15.674506476411533
2020-09-07,3.9878455048663968,-1.9245905590945078,33.78635389933866,13.931837258094287
2020-09-08,4.0109502122863585,-1.3441212314846807,33.24181197284447,14.431348968276453
2020-09-09,4.892748328944745,-1.7668315874838707,34.56138759507216,13.819004305628104
2020-09-10,6.243982103597752,-0.3438410242027763,34.96748474039682,13.31714303919985
2020-09-11,7.269225910181546,0.6642210025259905,34.512153275869466,13.257906285239113
2020-09-12,6.405725414023408,2.6533655611514817,35.57016934606592,13.774486951354406
2020-09-13,7.0139884538205,3.258729048058503,35.71407908543026,13.536506987814395
2020-09-14,8.345438653857817,2.462668901024087,37.72883076656745,12.786819782760686
2020-09-15,8.903285998383135,2.0788996124147783,39.598895499342746,12.962133842282395
2020-09-16,9.570094434436026,-0.279348566820103,39.714971271358564,13.193761834698972
2020-09-17,8.18845420033175,-0.07463622178312321,39.75853564902482,13.354685031108003
2020-09-18,7.928315749976449,0.8462465330349559,39.65724619787459,13.318022171795226
2020-09-19,7.076619450615819,1.574451877445282,40.31051486240664,12.820011432543996
2020-09-20,5.176879608415552,1.1926913462552036,39.39164902572637,13.965952590900711
2020-09-21,5.3304269462357565,1.045050403308179,38.32662264482291,12.786234402141062
2020-09-22,3.7391625044978736,0.9960065737803245,38.38406259121683,10.179067499966887
2020-09-23,2.9339592384693827,0.39624481911352805,37.53148612653387,9.625345013602749
2020-09-24,4.186838151695425,-1.647148969073612,36.29491112797072,9.431179490631951
2020-09-25,3.5433970800928423,-2.39257841029801,35.10624654184785,10.184409525380632
2020-09-26,3.396125266292055,-1.134431038311271,34.75485076764774,12.632301226680637
2020-09-27,4.242088495629255,-1.5531443005932684,34.48766936647703,13.499094395517213
2020-09-28,4.690783537039178,-2.3402470660402335,34.84650687272015,13.843606297548988
2020-09-29,5.2802136658020995,-2.060721680376071,32.876562210968544,14.616205103284388
2020-09-30,5.208045541924241,-2.364121344059201,32.18051351295376,15.036901538313133
2020-10-01,4.744853587355779,-2.87045058168391,31.727141381234432,16.752965680255397
2020-10-02,5.891764988280222,-1.8572515968603553,30.478945619707527,16.90197391566192
2020-10-03,5.109763517273136,-2.2481611624133815,29.54793159541058,16.251131023606373
2020-10-04,5.631049341588975,-1.6115288229568732,30.473637223984035,14.331855400667967
2020-10-05,5.695375055159614,-0.6849046271839556,30.514768207215877,16.14238358251462
2020-10-06,7.701251465268264,-1.647088669700857,30.380128764357366,15.814063037216213
2020-10-07,7.965844896170539,-0.29804053583469536,31.420834919216556,15.061178742577418
2020-10-08,9.091082260550218,-2.1492570972793548,31.107131420273724,15.65736651036357
2020-10-09,9.498313049262023,-1.2364829144100615,31.359594092794406,15.415266739518417
2020-10-10,11.408820886113494,-1.8898435123629909,30.74522579564117,12.829707248490012
2020-10-11,11.714472622185207,-1.271245756862174,31.026871167559708,15.381431750884767
2020-10-12,10.31095943034784,-2.787659694515429,30.690348627194687,17.052543434783654
2020-10-13,9.257741252841527,-2.044374601173701,31.327558415619684,19.22772705928297
2020-10-14,8.261554622540473,-1.7621054573259578,30.304949845347863,19.610567266113733
2020-10-15,10.211162557816476,-2.2980513233084325,30.473354832356108,19.110255454099644
2020-10-16,10.702342258839629,-3.0102293460716942,31.40297045350915,19.131891526491216
2020-10-17,10.242822083169498,-2.1302693554555567,32.36799088483962,19.404240894615562
2020-10-18,10.800286462458123,-4.360492441289098,32.035070846480544,18.16151544478246
2020-10-19,9.769434471514836,-3.5852672058599495,31.563548560798747,18.119442001895557
2020-10-20,9.648079221923256,-2.6237556859292157,32.79681999034468,18.03694239301889
2020-10-21,10.86165262034044,-3.202917532280287,32.098837834137655,19.217151837606238
2020-10-22,10.774415883873537,-2.7524412008840677,31.528388901111082,18.075980959734462
2020-10-23,9.670918115568472,-3.8645068467556474,32.09955259354187,18.934974715561964
2020-10-24,9.734018520740864,-4.201461952384132,30.936438366352593,20.18217583728268
2020-10-25,8.599574533618277,-3.9147912288172,33.265238393289316,20.63863717950208
2020-10-26,8.22916808689092,-4.648549604624724,32.91743971848993,22.10628638093479
2020-10-27,9.381578860081506,-4.053749025776505,31.78119224240554,22.705549596687515
2020-10-28,9.97772353968917,-3.119274403363365,30.7811148476338,23.8076102220697
2020-10-29,10.306791340225038,-2.9823248963309625,29.981569408555792,23.875561940623893
2020-10-30,10.184737237289339,-3.290876701457073,29.815713373097562,23.957251004165645
2020-10-31,8.01892731917543,-3.1088365125078705,31.08182003808198,25.26312889440829
2020-11-01,9.731914858309445,-2.0311585318194023,30.064014949935437,24.796794093552005
2020-11-02,10.88697190045737,-3.0968399258910715,31.472966056625562,24.859245674261516
2020-11-03,8.98828018790928,-2.42970846538015,31.78265298440872,22.732680030331284
2020-11-04,6.760950048011771,-2.9264240433521818,31.980535151067258,24.808194538487253
2020-11-05,7.59580295894413,-1.566417244852828,31.353507182111713,23.948091285877304
2020-11-06,5.834620919147213,-2.056646587231431,31.88777875123143,23.13677420954573
2020-11-07,4.88599716999805,-1.9436963432221184,30.278069035996207,22.440656232194545
2020-11-08,3.343858753913773,-1.2830190389599716,29.422231099742095,22.542420399239223
2020-11-09,3.121970146876772,-3.294990692469681,28.65369068848307,23.441814722279553
2020-11-10,4.1794584432654425,-3.6155201097045797,28.871337325039082,22.831120479093677
2020-11-11,3.2691872170147933,-2.134013991775115,30.515826062634382,23.697257134856724
2020-11-12,2.258626710511134,-3.0721419393395117,30.4570718259575,25.723867933757912
2020-11-13,2.2801484151572877,-3.841257965159077,31.006178881755513,27.20227778964552
2020-11-14,2.8184545988626546,-3.5636127015856047,30.24274581203098,27.739701636594997
2020-11-15,1.4870685658597587,-3.740505294810747,31.117200249376058,27.141723903914492
2020-11-16,2.5072954362510838,-2.562989096000305,32.4476291606632,28.50349960507645
2020-11-17,2.7785264889913943,-1.1862164190147388,31.637012387516958,27.97986910069364
2020-11-18,2.229702526487203,-3.2864110943790332,31.81363275938612,28.663717267657326
2020-11-19,1.2597051551361529,-2.0681201072357,30.326349473972066,28.52953173920119
2020-11-20,1.2419336180352563,-3.5151875633009437,28.085447427950378,27.11448275874624
2020-11-21,1.6581375112615595,-5.179223311732701,28.804671918398576,26.741808130703845
2020-11-22,2.7873687317941895,-3.7297982178019113,29.2275585075303,28.37407149918516
2020-11-23,2.298603484279107,-2.506384699150974,29.647627762221642,27.36951246731323
2020-11-24,3.3801217965630266,-2.625150054299417,30.737130028408366,29.22729177683716
2020-11-25,2.7935778169487313,-2.1013397616598337,31.523533498656956,29.867740715644118
2020-11-26,1.426611494444113,-1.0053732528621422,30.746800300483795,30.55448860670946
2020-11-27,2.045767833109815,-1.8430156472236918,30.452747384575012,29.805914042143186
2020-11-28,-0.023799625195485064,-1.5170486267800811,30.532288960896572,29.944573877050892
2020-11-29,-0.19939196022365185,-2.675670247725034,31.38825942753472,28.52119608029967
2020-11-30,-0.549746420925573,-3.182885308945022,31.859537872549687,28.29850964075098
2020-12-01,-0.43521011492811357,-2.9862159089918276,31.2349129339197,29.605649880794456
2020-12-02,-0.8164189082607187,-2.210524680207436,31.456828383225197,29.2111906989329
2020-12-03,-1.0811396031928464,-1.4505305130445043,31.180571002966317,28.536957081280033
2020-12-04,0.3145161221936912,-1.2818146189166444,31.511616053238647,27.81706185984192
2020-12-05,1.3596522893037428,-0.6141933892528443,32.20690516194268,29.088710386821685
2020-12-06,0.3325243584408295,-1.280506625241895,31.779494736224326,28.018077649082766
2020-12-07,1.8633465061269574,-1.4614837940984349,32.30747338632385,29.02572068685924
2020-12-08,1.9161706608556794,-1.8756884929387758,31.706589538579628,27.216080863341038
2020-12-09,0.6006325889653032,0.42272312195719497,32.63950705357073,27.286011959479954
2020-12-10,0.12023120420745942,-0.7805449064234364,34.68863615104077,26.240703378839974
2020-12-11,1.0187905133560022,-2.042912435963003,31.820476278337544,26.93359183299786
2020-12-12,1.3088240621785134,-2.410834331407929,30.70861942665627,26.355353729938628
2020-12-13,2.5737584829127367,-1.7454140153019624,30.62000802552817,28.106562022215346
2020-12-14,1.252862901136832,-1.4843275950795747,29.15647149954075,27.380225361839514
2020-12-15,0.9135973293047343,-2.641995960214589,29.46403182899609,27.36512989843791
2020-12-16,0.44712255410121143,-3.1991783209861766,28.497844675565577,26.299609286158795
2020-12-17,-0.5472161381766174,-3.1473388155307878,28.702100470333278,25.846458720872253
2020-12-18,0.3425120158430238,-5.396628704700554,30.38267312455357,27.502918188904786
2020-12-19,0.39576464139247314,-4.712444029448223,32.226973871851676,26.658198800477987
2020-12-20,0.48693085000735303,-5.092029373869536,33.70958378234885,27.546115196803964
2020-12-21,-0.3870115619699288,-4.758808152786426,34.06660915668569,27.329471017954567
2020-12-22,-0.5486958996801017,-5.5641178643095115,33.103360316757616,26.743968629873834
2020-12-23,0.2108820505266702,-6.448481109812974,31.924902533945552,26.5991498379073
2020-12-24,0.4122032818600584,-5.449936008054671,32.147389520054894,25.565043832888986
2020-12-25,-0.4963442622975762,-6.677565756770471,33.08421115568809,26.28766698179823
2020-12-26,-1.4119566857256132,-8.63593764868302,32.10570940963758,26.576434833972275
2020-12-27,-1.9524485106862564,-8.187477523401753,31.177002101795654,24.94888168712175
2020-12-28,-2.934829926424683,-10.591640699145197,31.672543141713735,24.430293228667633
2020-12-29,-2.9914108021079167,-10.867620592204148,31.441685385884167,25.57732378924812
2020-12-30,-2.3099940594179453,-9.144672624768313,30.71065534193216,25.035186392571703
2020-12-31,-2.644631680888347,-10.363442616029358,30.296905763858323,23.355802565849178
2021-01-01,-3.243246316720354,-10.345576836394885,29.440393586031735,22.382912861143545
2021-01-02,-3.542263241700953,-9.151559845271095,30.067972461202935,22.59570152262158
2021-01-03,-4.367522823827001,-7.792845908323507,30.069349643384324,22.664264532847323
2021-01-04,-5.688551239636833,-6.5753549971887235,30.18256590419843,22.638028647515675
2021-01-05,-5.809628552798703,-6.96606249762989,28.770865614989535,22.71589888602489
2021-01-06,-4.1867342409666515,-7.630347623209585,28.90348684171275,23.690583767299007
2021-01-07,-3.9557276987564567,-7.5452300295872705,29.41628662445628,22.5870497777776
2021-01-08,-3.9748909772260497,-8.890751582727546,29.3340037254811,22.505008117689535
2021-01-09,-3.638403479055191,-9.137324263975566,28.274709571037345,23.908905975125137
2021-01-10,-1.8071736977945725,-7.588215179451268,28.977173712949615,23.8030890752833
2021-01-11,-2.414467791530398,-6.003502400038401,28.391594861274445,23.887132689114594
2021-01-12,-4.007203877908112,-6.175253309661825,28.89282277198719,23.213783266615323
2021-01-13,-4.43472253027904,-7.465237040221382,29.53938877106715,23.109521395329832
2021-01-14,-3.9012356210133605,-7.1895853659721976,28.984501069405315,22.81373030804101
2021-01-15,-2.4314093731814275,-6.735613662768133,28.380176274010022,21.76396710589728
2021-01-16,-1.4638312694837499,-7.2155731644694985,28.062883116422704,22.17193234159619
2021-01-17,-2.3969462074619305,-6.126292121440442,29.79524208879119,21.787000467927868
2021-01-18,-1.4013403588107496,-6.209332707708657,30.48359248952101,23.01294497748169
2021-01-19,-0.6288239280689805,-8.065629576953512,29.19792424843668,23.816143383954774
2021-01-20,1.218229957354212,-8.108182448130261,30.78175070225339,24.066119303407362
2021-01-21,0.28479018100068754,-8.649431559396234,29.53367583480148,24.053466289424072
2021-01-22,0.893442171798272,-9.101620044930135,26.82584854014631,24.198440750371127
2021-01-23,0.06357815573215542,-8.184795522056422,26.473787727743463,22.817584937965183
2021-01-24,0.9664164383581272,-8.928300546384582,24.74559945159163,22.722349706760152
2021-01-25,2.380276613990904,-9.67549461769447,23.632676684765553,22.268604231822266
2021-01-26,0.76256296723151,-9.199101584520982,22.50133874626051,20.183380279293665
2021-01-27,0.1743590246628034,-9.444265073095469,22.338785215409004,20.26547075803926
2021-01-28,-1.5460636314243303,-9.2567188590005,23.04576847951878,19.74129854392572
2021-01-29,-1.911955696155951,-10.456320159483779,22.86819009821275,18.928094784150232
2021-01-30,-1.198469064402928,-9.431399391832137,22.277482637577545,19.479396886533713
2021-01-31,-1.2719956583985357,-9.63055193090888,21.579894511387927,19.68603131196432
2021-02-01,-1.4653830472570277,-9.924339918371714,22.37874241611838,20.638739189915995
2021-02-02,-1.391941152264077,-10.179102383218662,23.204766190619857,19.932010603284372
2021-02-03,-2.0144600887501722,-8.98645328742599,23.744314403336165,19.092668989278817
2021-02-04,-3.894703105638038,-9.422524393010914,23.74711651872814,19.1820392482757
2021-02-05,-4.621757602053009,-9.288225239998452,23.41306625164798,19.746571256518727
2021-02-06,-4.556537004727291,-9.654600306557748,25.817702180351887,19.292568839746924
2021-02-07,-3.5459734282209094,-11.262329752638086,26.211506496575456,20.629407248570395
2021-02-08,-4.408310929558459,-12.106395924935008,26.15976366916123,20.51893626236067
2021-02-09,-3.690700753459353,-10.445741493376817,25.708964236082142,20.79667057155357
2021-02-10,-3.920914075812528,-10.989632029759681,26.272824417475945,22.41628991877051
2021-02-11,-3.269340428664367,-13.105944529369076,24.858408486004087,21.46150086919478
2021-02-12,-3.8391030124678096,-12.21233825866748,24.137091436874268,21.570001471940483
2021-02-13,-3.5701040214124804,-11.637888350591039,23.385140066622164,21.073917723999074
2021-02-14,-4.716139496969559,-10.620601935874385,23.888150285283352,18.483698529722325
2021-02-15,-4.0170331197953155,-10.249121363053334,24.606462820677176,18.250944141214017
2021-02-16,-4.7483016869726065,-9.195065905324508,24.632538689285578,19.567301619455492
2021-02-17,-2.3450564380475982,-11.53645637382522,25.030925868383267,20.607551848599865
2021-02-18,-1.7314608871932413,-12.287541702526843,25.526321957452883,20.29375859716688
2021-02-19,-1.2475464138604093,-14.280796093639703,25.951623109498087,19.881410043116915
2021-02-20,-1.810163219732328,-13.644827547301201,25.347582876124875,20.346575050303194
2021-02-21,-1.2335229990921497,-14.278038986443839,26.21400019851701,19.94257200538292
2021-02-22,-2.232269808151927,-13.375589328402162,27.1970398125206,20.703637704337837
2021-02-23,-2.986643808366704,-15.629989802351666,25.97434622637606,19.85341003566697
2021-02-24,-3.351743589512831,-15.843268523644241,26.415630252996134,18.696018316642906
2021-02-25,-3.768266274205333,-15.783214345279848,24.49975302101956,20.03329367970068
2021-02-26,-3.4319160637759283,-14.144563040198305,24.08322462682199,21.66708539233389
2021-02-27,-2.865537126466286,-13.976281437448302,23.93384281895082,20.839138383416813
2021-02-28,-3.495277848147967,-14.705963657388674,24.275345435640247,21.27647715352697
2021-03-01,-4.8606983824648236,-14.753448313590313,23.228673275539116,21.422920968419927
2021-03-02,-3.6975861824172163,-13.85381280190414,22.057010380710118,20.369211677643428
2021-03-03,-1.5916629526257422,-15.373464041800235,19.939195983075823,20.89438414048108
2021-03-04,-1.847534797072671,-13.850218770777374,20.8782812531713,21.56161592494427
2021-03-05,-3.1829715603418185,-11.789341478736866,21.830714202334907,21.43830399159729
2021-03-06,-2.8357771053444183,-10.92926469660727,22.88574793743143,19.82314579241002
2021-03-07,-3.635089861732386,-10.758428685732765,20.769851538771878,19.363533545622015
2021-03-08,-3.0247606832022966,-10.981303477413991,21.937892653455503,18.580353627720605
2021-03-09,-2.870620481821298,-10.944125509300834,22.567369869489433,17.96648289654814
2021-03-10,-3.9451007121220343,-11.34514581950103,23.02221865649848,18.963418662988808
2021-03-11,-4.374365313827928,-10.514634493336874,21.936187151300704,17.99265039529986
2021-03-12,-5.580789048332555,-10.627179981519523,22.140383391371046,20.102411990611333
2021-03-13,-3.670452293719876,-12.058270579751284,23.246417317466427,20.87502542994911
2021-03-14,-1.1011240962272413,-12.455081809793002,21.505053537516623,22.063341356270634
2021-03-15,-1.0875290698031346,-11.167194897667883,22.506586393011524,21.257139947631813
2021-03-16,-0.7437535576919738,-12.370443950111026,23.019889715004368,19.867660696258028
2021-03-17,-0.752323669131886,-11.814024178456147,23.916959458725415,20.44188331618441
2021-03-18,0.37693007900766373,-11.916648134104753,25.25283689614615,20.36708353648253
2021-03-19,1.679672189556478,-14.027389484230124,25.449447294815062,20.468945436506736
2021-03-20,-0.28443945027516016,-13.389353667240492,22.53338871811954,20.1847774413412
2021-03-21,-0.8414514224410017,-15.339169681819262,20.64024003730548,21.01118538631052
2021-03-22,-1.2652850213638764,-15.283989123570223,21.744101990163756,20.285069486783737
2021-03-23,-0.933496116855294,-15.870783625396868,22.33450455240556,20.086984902734404
2021-03-24,-0.974435589194579,-14.137133562305566,20.34918270703175,19.36710694832991
2021-03-25,-0.8619636516157079,-13.122092635788539,19.643015757627925,20.038523453380336
2021-03-26,-1.3964926525776038,-11.122466613785374,20.315981054243977,19.836497925697877
2021-03-27,-3.6207406698170757,-11.36826086343394,20.079992506937582,18.97906669107032
2021-03-28,-3.24146962584407,-12.015742849081036,20.260090022584983,19.311842058940147
2021-03-29,-4.180404124328987,-12.727529059488424,20.854558136725476,20.173231777581222
2021-03-30,-2.5978744117495713,-11.048811031707396,21.506083241545404,20.480911700436977
2021-03-31,-2.072023136013781,-11.1031989329299,22.489394139298657,17.567087972190926
2021-04-01,-1.8027905756739395,-10.672296381241146,22.499462711419433,17.35984128197733
2021-04-02,-1.0385489913754,-10.212465028270547,23.666299674285533,16.845777704043655
2021-04-03,-1.7348943527765666,-11.016649646884723,22.72039318258164,17.015305021924963
2021-04-04,-1.2564081324511105,-11.435931168647034,24.001902283764778,17.631169298194646
2021-04-05,-1.715742458540993,-9.143518533558582,25.945580308686296,17.542355702276783
2021-04-06,-1.5607861309520843,-9.078526261215607,26.348506683222652,17.44653446110864
2021-04-07,-1.6325937984568377,-9.702451349999517,28.050188072767135,18.401378426324644
2021-04-08,-2.16819764095851,-10.286133362444362,26.942495865833,16.49326197011561
2021-04-09,0.8136621718798343,-9.730062193326788,26.310415438798255,16.901258952176374
2021-04-10,0.9978581376304405,-12.743275912773056,25.18364959202378,15.910269922889263
2021-04-11,1.2929396027933948,-13.62555035557762,24.928850157147515,17.37469231624192
2021-04-12,1.8267052922890268,-14.494721416519342,25.565530789847823,18.341066321979863
2021-04-13,1.3939634279159263,-15.023859095684227,25.68560081110569,19.553950323294757
2021-04-14,2.7482146122621427,-14.998519462013823,25.475768016396763,19.488315960736934
2021-04-15,4.460896563935105,-15.831116683016036,25.406445642900387,19.23645396104863
2021-04-16,5.3491072198816205,-15.727521903411809,26.44140950175999,18.326141889803576
2021-04-17,4.818980737897541,-17.97885565328794,26.39964713845811,17.90796532748615
2021-04-18,5.184280746946835,-17.975164243523455,27.218972472415725,20.639294213688174
2021-04-19,3.155173197835118,-17.914920900209403,28.395261456532808,22.530054303346866
2021-04-20,3.931952322239904,-19.709115775689718,29.587695094820365,22.50162724817495
2021-04-21,4.197800324464291,-19.58251793364387,29.18567005055799,22.268038358359536
2021-04-22,4.619391856575523,-21.128677509580587,29.569906176291283,23.464227503453987
2021-04-23,4.189088068339604,-20.736321831216575,30.544668135400887,23.77734501031358
2021-04-24,4.862133822182486,-22.489631481402245,30.582744427211512,24.748837832829036
2021-04-25,4.559189487000007,-22.10860543674083,28.941860653020484,25.09272847400213
2021-04-26,4.582667937344769,-22.82994005839293,28.552930977369833,24.982855898391723
2021-04-27,3.293263993453772,-24.28273807197476,28.604276671176116,25.598627988787623
2021-04-28,3.915966435687281,-25.07994412982297,29.97310715107417,23.657549433533536
2021-04-29,4.16303059883701,-26.22679951578857,29.820390960324545,23.874226407693516
2021-04-30,2.5402745656194403,-25.187371259651144,28.19407385853111,23.302969457820478
2021-05-01,3.8787465011437936,-25.894289047550178,28.40164213176401,23.87360934537438
2021-05-02,4.067185568933141,-24.130821842010366,28.627715563916563,24.366084564998857
2021-05-03,4.359281516874481,-24.930934506314095,27.609512265424716,23.549676088319536
2021-05-04,4.2855493909110685,-26.181992156755047,27.30972086248998,24.264573243400555
2021-05-05,4.566501123831895,-28.023493092376164,26.84920905875492,24.04335798792589
2021-05-06,4.763758193752252,-28.80312856882789,27.51383374232807,24.374528572405968
2021-05-07,5.409215641942914,-27.60148809185699,25.888911819686687,23.81521051738841
2021-05-08,6.464761773357136,-26.118755561508767,25.092337084723855,23.506930195134018
2021-05-09,6.381904622042133,-26.962105549563706,24.307963989451885,23.577436933243796
2021-05-10,7.135396569467458,-29.88952316305639,22.456644937967095,23.569840405177466
2021-05-11,7.596448320192409,-30.58956948067506,23.526579308445505,23.08604558718245
2021-05-12,8.893001842523656,-31.447537655504362,23.851864092241517,24.62201217323155
2021-05-13,8.874329097674375,-30.99151306419434,25.09246455531838,25.0775069419869
2021-05-14,9.22414443289707,-29.4524006121022,24.184364540838203,24.522975261232304
2021-05-15,9.305998231498373,-29.490221637613136,23.481924271115037,25.26567479570946
2021-05-16,7.535261274435867,-29.556447782715424,23.99800395971901,23.595903716968856
2021-05-17,6.6538030979889,-30.38221969641529,23.035507515166966,24.554378497726006
2021-05-18,6.90951873634075,-31.187879078788235,23.433175960828393,26.49755023289926
2021-05-19,7.314509604151948,-31.19895706732931,23.65489894262935,25.787725077851963
2021-05-20,6.09448910035838,-32.49099541989025,22.948782607872108,25.13906115708117
2021-05-21,7.260009840575955,-30.875197972872616,21.29203404131617,25.675737745684515
2021-05-22,5.293899110692476,-32.45140911328725,21.019616035026466,25.568507464873687
2021-05-23,6.468898238342595,-33.3453699075067,20.04262952094556,26.57443831697261
2021-05-24,6.677670719016208,-34.98081358345974,18.649492304521573,25.271095536412467
2021-05-25,7.326871870270713,-33.09153877949584,18.96842283794637,25.908014130797184
2021-05-26,8.300834131319661,-33.1110945720527,20.027457495966853,25.338419189325617
2021-05-27,6.861870547532593,-32.17470215469621,20.288188341430985,25.868571731319406
2021-05-28,7.357941444924737,-32.047088405320274,19.50860519788905,27.642814759526992
2021-05-29,7.90565901406857,-32.908901550972764,19.704786276065136,25.41223254993675
2021-05-30,7.799655551810178,-32.52282970074632,20.586463453491984,24.31707660152554
2021-05-31,8.497813599004527,-33.564501705224664,21.575498349834984,23.176184153834654
2021-06-01,10.365879652302686,-34.199184904285595,21.26840642609905,21.588891577538277
2021-06-02,10.874772275307699,-33.87468757964201,21.24628640502438,21.235860230524437
2021-06-03,10.029864000637236,-32.98249340800422,20.64594433690124,21.65154823247841
2021-06-04,7.660728824323277,-33.65703861071277,19.647876876430033,22.032141741912938
2021-06-05,8.138938672223615,-31.909763198522434,18.772400156284842,21.36220899745975
2021-06-06,8.748660067412473,-32.84512593309391,20.220975174161698,21.04938082051717
2021-06-07,8.612990391798798,-33.78384960199556,19.90045308075202,23.216802172670644
2021-06-08,7.392659630510414,-34.15719974686128,18.510581218043825,23.324183368738158
2021-06-09,8.946336830419941,-33.18689511759801,17.35540572195263,24.333379331042952
2021-06-10,8.47056466285457,-32.39131056868299,20.17955379336521,24.064142307813047
2021-06-11,8.44414661029884,-31.834559837452968,20.263103037737743,25.133261771936567
2021-06-12,7.9209556039313975,-31.380608344708204,21.405047456211882,25.0115380522295
2021-06-13,8.031075401281031,-30.8561452091602,23.014928188296008,24.771250040076733
2021-06-14,6.581463041075688,-31.433944425326647,23.77682987907024,25.694036425706916
2021-06-15,6.691605350139975,-31.664713509734714,24.284586008872946,28.17656748834678
2021-06-16,6.865888328445484,-29.54043880194708,25.03624015574547,29.621686306185897
2021-06-17,5.586019718326927,-29.740594897584707,25.166551828136473,31.125982048132897
2021-06-18,6.797696475365243,-29.520333881935958,25.855955940723742,30.91770551800313
2021-06-19,8.842759553579985,-29.859383267593444,26.039351196450102,28.515062220033695
2021-06-20,9.429491746895318,-30.290365559733047,26.065982843757638,29.68062611086222
2021-06-21,9.675452303156069,-31.97500664291972,26.637331181184294,30.15102719302901
2021-06-22,10.962420649942521,-31.923700800709835,26.548727815284394,31.091191980281337
2021-06-23,10.775428315808897,-31.026144637136227,26.24908857664404,30.75175027932047
2021-06-24,11.163670155176808,-30.066004225092108,25.481288555597473,30.528502890665457
2021-06-25,12.078201380246728,-29.309061990716998,26.67826874504502,30.75631945717627
2021-06-26,12.96508932939354,-29.611953973197604,26.264888266513566,31.587183195154832
2021-06-27,11.562448996476368,-30.56281460813262,27.483368135925197,31.55445315166258
2021-06-28,10.347620138749361,-31.178914693723364,28.47783653251281,31.809647256388388
2021-06-29,10.533744782795335,-30.95802635577534,29.36977642168202,29.36091130244711
2021-06-30,11.278434867188205,-31.46262407924105,30.265696601952232,29.66496770623436
2021-07-01,10.076315749327556,-31.95682588550796,31.608329839438465,30.35876174431431
2021-07-02,12.651699985430442,-31.985254361625472,30.88788290273727,29.992650423810716
2021-07-03,12.651252435588429,-33.25296926170042,30.061995942142254,31.003417764876964
2021-07-04,13.214482146009683,-33.025827163769534,29.329431190897523,29.989719111102573
2021-07-05,13.445709370448254,-33.14648106183845,29.437250558282905,29.100211687628075
2021-07-06,14.507182415373839,-33.29311286818326,28.13596050677551,28.79975846439281
2021-07-07,14.235744236416716,-32.9228929801878,27.800549049475,28.568204712183537
2021-07-08,16.496102490832477,-33.58277000156092,26.489129746551832,28.0807639847039
2021-07-09,16.19497714925673,-33.45382676558617,28.249796632193128,28.90930595388957
2021-07-10,16.046768161403214,-34.712328369389375,29.796922754098166,29.98813341986065
2021-07-11,15.541615162639484,-35.429216400540156,29.835296457677813,29.890251290604287
2021-07-12,13.392527217340305,-37.33467213184885,29.88250094437954,28.93824968287495
2021-07-13,11.009552143177828,-38.20311337816017,28.98167991068173,29.418025695000143
2021-07-14,10.012192619926166,-37.560468356303204,28.740867607726265,29.684106162064513
2021-07-15,9.412868594570652,-37.05674818014578,29.643153971067786,30.73005965495357
2021-07-16,9.14617522880844,-38.72563397515881,26.681545204775137,32.12157409610565
2021-07-17,7.957758380841046,-40.01417952439474,28.766103496307014,31.792021547104046
2021-07-18,7.741007734286499,-39.585984723370984,28.143022575602796,30.699827842276964
2021-07-19,7.693040137769539,-39.55728690146297,29.872335479450186,30.33102293650915
2021-07-20,7.3362518273934745,-40.058281090793756,29.842133237358286,29.175923546046203
2021-07-21,7.295582010653769,-40.56990183701442,30.6728085892204,27.295988148318774
2021-07-22,7.8355598284182895,-40.8923085027779,29.530575483241858,26.259624012044828
2021-07-23,7.459416365748995,-41.20827882430022,31.168096066876227,25.245659358520516
2021-07-24,6.010728911029151,-41.9345066589908,31.190882128829482,23.957125034813068
2021-07-25,4.584862330840751,-43.2210921225536,31.63570708433519,23.278775524565884
2021-07-26,4.906519039064366,-44.54695830258709,31.11484940104938,23.946094814055016
2021-07-27,4.928360952856494,-45.23024890892687,31.54635850396736,23.868920352711484
2021-07-28,4.048168038721448,-44.37750382508202,31.03977936398681,23.52921431122775
2021-07-29,3.7710680906660445,-46.94047007273042,32.05505151431922,23.274406321011373
2021-07-30,2.9311965812321272,-47.45105939916988,30.093115139864302,24.697410978634505
2021-07-31,3.2167547208006373,-46.811878935340154,29.61168790191252,23.891250097812282
2021-08-01,3.605100665817246,-46.937089310100035,30.138578450220336,23.750680058526303
2021-08-02,3.4602640148535446,-47.630219937470784,29.868346304081406,23.73040346339355
2021-08-03,4.3075914630938605,-48.5185299822519,29.54939583544626,24.396646899862535
2021-08-04,3.6760976791595774,-47.852129076398064,29.873292881103904,24.525217904815854
2021-08-05,2.5131477446703414,-48.69463457719208,29.97550740076974,24.54958497843251
2021-08-06,1.3251254920630626,-48.17488614613921,29.26055190985751,24.185573327614513
2021-08-07,0.8703376079990648,-47.85693682847761,29.157395869129996,23.022139491481806
2021-08-08,0.8920199504231197,-46.516184152812784,30.305753329299076,23.19985461512379
2021-08-09,0.235699090408948,-47.28860237095434,28.767574531893192,22.91028058590299
2021-08-10,1.0768715256306056,-46.15580328588216,30.193170756967554,21.986438141731664
2021-08-11,-0.4357410123573271,-45.69794602939792,29.348944003735813,22.49512538405946
2021-08-12,0.2691700775077187,-45.98521888325996,28.98454491982618,22.610291151247004
2021-08-13,2.5001270653714616,-46.512135920071955,28.228652299554447,23.563409978673278
2021-08-14,0.7653474737651589,-46.69360974533434,29.13413116129393,21.86484710634482
2021-08-15,1.23779955983159,-48.679976689738936,28.09009114410795,19.83659744375576
2021-08-16,1.7215171471577349,-48.43849862451369,30.86589203468515,19.233370759874138
2021-08-17,1.9966112204405913,-49.04774675633558,29.680680469022533,19.723924176524783
2021-08-18,0.21830225805810488,-50.22311582585488,28.152522356443423,19.561060857616066
2021-08-19,0.7297035626998207,-49.38507454054322,28.46685583474522,19.35100409811008
2021-08-20,2.0764136559365087,-48.338849574299864,28.229554162474336,20.150292935448263
2021-08-21,2.0122220003383497,-47.778420781362584,27.101059328335584,20.802288364596798
2021-08-22,3.9870952141528058,-45.84230138298345,26.414991222503826,19.62919408295417
2021-08-23,3.595492416653572,-44.47631720004625,27.020736282762815,20.425050014034497
2021-08-24,2.8478305904986168,-45.555986142514094,29.571626557350392,21.01137606455423
2021-08-25,1.4771573376999436,-44.485587791039464,28.955745820629836,22.18788424617254
2021-08-26,3.641877509006375,-44.85869722630778,28.318175800579436,24.255394027749112
2021-08-27,4.729797372614284,-44.74668072209065,27.932833630023076,23.710622312159103
2021-08-28,4.339319893448541,-45.02437835798867,29.079002831400928,22.158827109718743
2021-08-29,4.733013832657288,-44.34650644821741,28.767854730763435,22.30960502240841
2021-08-30,6.670467441521881,-43.12789046291922,28.0860212932742,20.685792492128012
2021-08-31,5.734060644099097,-43.27795620909976,28.459141569396394,20.4036814508711
2021-09-01,6.332811212571639,-43.578242592497006,28.582984182982255,21.411074289762222
2021-09-02,5.1352765152875754,-44.34905588003348,28.526428139762842,20.636689368747263
2021-09-03,4.623263071886533,-45.64000133555209,28.37844316550908,21.22166129061007
2021-09-04,5.039103257586106,-46.70242573692027,28.87244249130179,22.88059261511477
2021-09-05,2.914778328671714,-44.89792537713295,29.30933253314408,23.748397741201515
2021-09-06,3.826257229378104,-45.05896963896527,26.988826494547467,22.92568403872462
2021-09-07,3.8306553847564815,-45.688530885776935,26.696547531723496,21.10813083012714
2021-09-08,5.118253829824029,-45.4677441715684,26.904931207992266,21.561455286986966
2021-09-09,4.239634820674853,-46.35753551910758,26.543861210803065,22.18254222304099
2021-09-10,5.571063020978175,-47.12290694056195,26.166446421837712,20.63791760819867
2021-09-11,4.877965954640601,-47.459269092651724,27.562925565457377,21.561106710235098
2021-09-12,3.8970240942564853,-47.39441191859968,26.75594906231606,21.804461378942886
2021-09-13,2.6696256815482835,-48.65635342051711,28.270958056180756,20.49290464425187
2021-09-14,3.874270730113457,-48.8782133209152,29.574914995071367,21.019034205006655
2021-09-15,3.667291728957227,-50.04420485529229,30.105062046758594,22.251339097694807
2021-09-16,3.0817602154022534,-49.42614309269261,28.340949210241096,22.311562911847336
2021-09-17,2.4805116638358222,-48.983467386428536,27.859433506634602,21.98854730623887
2021-09-18,3.632888761049827,-49.208770495972615,30.549480496229005,20.14656158791928
2021-09-19,4.4354107093666855,-49.22088741605499,29.819569529642827,20.581982752327445
2021-09-20,4.4447601803968855,-47.38144278201458,31.019526356184592,20.643456116502048
2021-09-21,4.179011082033774,-46.160595417001225,30.806161511218612,20.975266365645695
2021-09-22,2.5686318101031156,-45.6316457549069,31.780820059175838,20.516652480346213
2021-09-23,2.6369062511647616,-46.287155106345416,32.6306274306743,21.920414404285278
2021-09-24,1.483641060266062,-46.688364714793586,33.35657799907856,23.455017663713537
2021-09-25,0.7170421808081112,-48.4017615436683,31.998362396300706,25.521363271990356
2021-09-26,0.3220229544871603,-48.714454409499886,30.501831477731304,24.73296899227558
